meanFix,minFix,maxFix,varFix,stdFix,meanDis,minDis,maxDis,varDis,stdDisp,freqDisPerSec,number_of_blinks,blinkMean,blinkMin,blinkMax,blinkRate,xDir,yDir,fixDensPerBB,label,duration,participant_id
253.53968253968253,100,1367,50429.671786994375,224.56551780492563,0.04225536698519504,0.028191853648121188,0.11527663899289232,0.0004640040652901716,0.02154075359151048,3.15,27,898.7037037037037,33,2800,1.35,0.6129032258064516,0.46774193548387094,130.9815258294044,Search,20,12
230.08064516129033,100,1066,37178.82945531464,192.8181253288047,0.0567981439760901,0.003960379876093664,0.3759075247781022,0.0036759981568968403,0.06063001036530375,3.1,41,890.9756097560976,33,3900,2.05,0.5573770491803278,0.5081967213114754,133.2743361953762,Search,20,12
263.0923076923077,100,1267,31490.30384615385,177.45507557168898,0.060036980756335165,0.015118956205262652,0.40543997417374467,0.005602169963036397,0.07484764500661592,3.25,18,1222.2777777777778,167,2833,0.9,0.796875,0.40625,328.7583282229327,Reading,20,12
232.38028169014083,100,534,10358.296177062375,101.77571506534541,0.06025827950900484,0.027935982571199888,0.3331611861030824,0.003964685947056221,0.06296575217573615,3.55,16,1433.375,33,11100,0.8,0.7857142857142857,0.35714285714285715,346.3862273292141,Reading,20,12
275.38709677419354,100,1067,35749.81491274459,189.07621456107213,0.05154125959144471,0.008633477067052996,0.3627422821318168,0.002091384133039812,0.045731653513073546,3.1,20,1090.0,33,4566,1.0,0.6557377049180327,0.4098360655737705,284.7996504556507,Reading,20,12
240.42857142857142,100,667,17088.21946169772,130.72191653161195,0.042768662580343154,0.009615133512159393,0.4102435284194189,0.002344451785007236,0.04841953928949795,3.5,26,932.2692307692307,33,3200,1.3,0.43478260869565216,0.6086956521739131,1210.531885419373,Inspection,20,12
281.0967741935484,100,1266,57038.056054997374,238.8264140646871,0.04141737537044756,0.01872707592221809,0.14822130486730256,0.00046632307210893264,0.02159451486162476,3.1,11,1860.7272727272727,34,5100,0.55,0.5573770491803278,0.4426229508196721,834.2116730098419,Inspection,20,12
297.7457627118644,100,1066,47897.2963179427,218.8545094759135,0.03831115543072808,0.022717085715156744,0.14691343378850585,0.0004357123197765884,0.02087372318913395,2.95,20,1178.4,33,4434,1.0,0.43103448275862066,0.7068965517241379,572.8731194090205,Inspection,20,12
