meanFix,minFix,maxFix,varFix,stdFix,meanDis,minDis,maxDis,varDis,stdDisp,freqDisPerSec,number_of_blinks,blinkMean,blinkMin,blinkMax,blinkRate,xDir,yDir,fixDensPerBB,label,duration,participant_id
208.06451612903226,100,700,18039.667900581702,134.31183082879073,0.0547610054885409,0.028021929655350105,0.1948848038006222,0.0014513712600035126,0.03809686680034872,3.1,31,845.0,33,6667,1.55,0.5245901639344263,0.4262295081967213,59.05050921011798,Search,20,03
135.2941176470588,100,333,2983.9122036874446,54.62519751623279,0.057442937512181096,0.021413111869039575,0.42442223819476504,0.003992591468669145,0.06318695647575649,3.4,56,627.4107142857143,34,2434,2.8,0.5223880597014925,0.4626865671641791,82.5505437555758,Search,20,03
276.38709677419354,100,700,18988.634584875726,137.7992546600878,0.07480176495268609,0.002505622684141483,0.42573854477296535,0.009222907536792028,0.09603597001536471,3.1,13,1577.0,34,4900,0.65,0.819672131147541,0.6229508196721312,343.9482324314215,Reading,20,03
289.4166666666667,100,733,17615.840395480227,132.72467892400505,0.06191579899412243,0.015097362804781024,0.369563858176468,0.004825667324410931,0.06946702328739106,3.0,9,2033.4444444444443,34,3866,0.45,0.8305084745762712,0.5423728813559322,360.72115604377814,Reading,20,03
307.125,100,933,24525.820454545454,156.60721712151536,0.05688134985345542,0.010017018411904575,0.32371976651714407,0.002166041332333,0.04654074915955909,2.8,14,1514.357142857143,33,3500,0.7,0.7636363636363637,0.5272727272727272,329.1252319573987,Reading,20,03
272.5483870967742,100,1533,53197.72712850344,230.64632476695448,0.05459017785634548,0.015576914778027811,0.2929983559889464,0.0025808296144252466,0.05080186624943267,3.1,12,997.1666666666666,966,1000,0.6,0.47540983606557374,0.5901639344262295,466.6813592510989,Inspection,20,03
305.462962962963,100,1333,62057.80048916842,249.11403109654105,0.047933073519924645,0.028006909786043664,0.272187064545355,0.00208337457955518,0.04564399828624986,2.7,9,1392.5555555555557,33,6867,0.45,0.4528301886792453,0.5283018867924528,180.35054368463213,Inspection,20,03
243.44927536231884,100,1134,33232.25106564364,182.29715045947273,0.04693584585354047,0.02486026135115308,0.16229826908562495,0.0010174640764965596,0.031897712715750634,3.45,6,2288.8333333333335,33,7667,0.3,0.5294117647058824,0.4117647058823529,454.9077876993298,Inspection,20,03
